Cluster,PPG,DRB,TOV,VORP
1,-0.665273876,-0.695152961,-0.667823798,-0.481323783
2,-0.016810478,-0.072222388,0.07826662,-0.336709465
3,0.015523514,0.222045306,-0.018229537,-0.2226802
4,0.062643758,0.209677939,-0.119821682,0.485865236
5,0.77929198,0.403473206,0.234444059,-0.068687539
6,0.698937804,1.118152891,0.324638448,-0.298388404
7,N/A,N/A,N/A,N/A
8,1.440626762,1.323632855,1.136282728,1.505922449