Cluster,PPG,DRB,TOV,VORP
1,-0.539390357,-0.573935839,-0.530547922,-0.442680903
2,-0.300170045,-0.3158645,-0.229386311,-0.306514036
3,-0.043135154,0.064102001,-0.083809481,-0.271902614
4,0.140474667,0.237678545,-0.046653691,0.243203717
5,0.360935859,0.402171492,0.170101552,0.166297918
6,0.679507888,0.798131293,0.659738731,0.513037425
7,0.470602671,0.764215574,0.386371767,0.854921071
8,1.502451309,1.315640912,1.087541937,1.512125328